Trimeric Structures 18/03/2021;;;;;;;;;;;;;;;;;;;;;;;;
Classified by subtypes, host and resolution;;;;;;;;;;;;;;;;;;;;;;;;
"Group 1 (H1 group) and Group 2 (H3 group), each of which is further divided into three clades: (H1, H2, H5, H6 and H17), (H11, H13 and H16) and (H8, H9 and H12) and two clades: (H3, H4 and H14) and (H7, H10 and H15) (Nobusawa et al., 1991; Pica and Palese, 2013).";;;;;;;;;;;;;;;;;;;;;;;;
;;;;;;;;;;;;;;;;;;;;;;;;
;;;;;;;;;;;;;;;;;;;;;;;;
;;;;;;;;;;;;;;;;;;;;;;;;
;;;;;;;;;;;;;;;;;;;;;;;;
;;;;;;;;;;;;;;;;;;;;;;;;
PDB code;Subtype;Strain;Host;Mutation;Complexed;Method;Resolution (Å);Littérature;;;;;;;;;;;;;;;;
;;;;;;;;;;;;;;;;;;;;;;;;
;H1N1;;;;;;;;;;;;;;;;;;;;;;;
4GXX;H1N1;A/Brevig Mission/1/1918;Human;D190E/D225G (HA1);_;X-RAY DIFFRACTION;1,799;Influenza Human Monoclonal Antibody 1F1 Interacts with Three Major Antigenic Sites and Residues Mediating Human Receptor Specificity in H1N1 Viruses.;;;;;;;;;;;;;;;;
6ONA;H1N1;A/Hickox/JY2/1940;Human;_;_;X-RAY DIFFRACTION;1,95;To be published. Crystal structure of Influenza hemagglutinin from strain A/Hickox/JY2/1940. Conrady, D.G., Mayclin, S.J., Calhoun, B., Lorimer, D.D., Horanyi, P.S., Edwards, T.E.;;;;;;;;;;;;;;;;
3UBQ;H1N1;A/California/04/2009;Human;G205C/R220C (HA1);3SLN;X-RAY DIFFRACTION;2;Structural Characterization of the Hemagglutinin Receptor Specificity from the 2009 H1N1 Influenza Pandemic.;;;;;;;;;;;;;;;;
5VMC;H1N1;A/Brevig Mission/1/1918;Human;_133 (HA1);6SLN;X-RAY DIFFRACTION;2,15;Determinant of receptor-preference switch in influenza hemagglutinin.;;;;;;;;;;;;;;;;
3UBE;H1N1;A/California/04/2009;Human;G205C/R220C (HA1);LSTc;X-RAY DIFFRACTION;2,15;Structural Characterization of the Hemagglutinin Receptor Specificity from the 2009 H1N1 Influenza Pandemic.;;;;;;;;;;;;;;;;
4M4Y;H1N1;A/California/04/2009;Human;E47G (HA2);_;X-RAY DIFFRACTION;2,2;Antibody Recognition of the Pandemic H1N1 Influenza Virus Hemagglutinin Receptor Binding Site.;;;HA1;;;;;;;;;;;;;
1RVX;H1N1;A/Puerto Rico/8/1934;Human;_;LSTa;X-RAY DIFFRACTION;2,2;The structure and receptor binding properties of the 1918 influenza hemagglutinin.;;;HA2;;;;;;;;;;;;;
3UBJ;H1N1;A/California/04/2009;Human;_;LSTa;X-RAY DIFFRACTION;2,25;Structural Characterization of the Hemagglutinin Receptor Specificity from the 2009 H1N1 Influenza Pandemic.;;;;;;;;;;;;;;;;
1RVZ;H1N1;A/Puerto Rico/8/1934;Human;;LSTc;X-RAY DIFFRACTION;2,25;The structure and receptor binding properties of the 1918 influenza hemagglutinin.;;;;;;;;;;;;;;;;
1RU7;H1N1;A/Puerto Rico/8/1934;Human;_;_;X-RAY DIFFRACTION;2,3;The structure and receptor binding properties of the 1918 influenza hemagglutinin.;;;;;;;;;;;;;;;;
6D8W;H1N1;A/Jiangsu/ALSI/2011;Human;_;_;X-RAY DIFFRACTION;2,35;To be published. Crystal structure of InvbI.18715.a.KN11: Influenza hemagglutinin from strain A/Jiangsu/ALSI/2011 Conrady, D.G., Fox III, D., Horanyi, P.S., Lorimer, D.D., Edwards, T.E.;;;;;;;;;;;;;;;;
5VMF;H1N1;A/Brevig Mission/1/1918;Human;Q226L/G228S (HA1);6SLN;X-RAY DIFFRACTION;2,35;Determinant of receptor-preference switch in influenza hemagglutinin.;;;;;;;;;;;;;;;;
5VMG;H1N1;A/Brevig Mission/1/1918;Human;_133/D190E/D225G/Q226L/G228S (HA1);6SLN;X-RAY DIFFRACTION;2,45;Determinant of receptor-preference switch in influenza hemagglutinin.;;;;;;;;;;;;;;;;
4EDB;H1N1;A/Thailand/CU44/2006;Human;_;Fab fragment;X-RAY DIFFRACTION;2,5;Insight into structural diversity of influenza virus haemagglutinin;;;;;;;;;;;;;;;;
6N41;H1N1;A/Netherlands/002P1/1951;Human;_;_;X-RAY DIFFRACTION;2,5;To be published.Crystal structure of InvbM.18715.a.KN11: Influenza hemagglutinin from strain A/Netherlands/002P1/1951 Conrady, D.G., Calhoun, B., Lorimer, D.D., Horanyi, P.S., Edwards, T.E.;;;;;;;;;;;;;;;;
3UBN;H1N1;A/California/04/2009;Human;G205C/R220C (HA1);6SLN;X-RAY DIFFRACTION;2,5079;Structural Characterization of the Hemagglutinin Receptor Specificity from the 2009 H1N1 Influenza Pandemic.;;;;;;;;;;;;;;;;
6OSR;H1N1;A/Melbourne/1/1946;Human;_;_;X-RAY DIFFRACTION;2,55;To be published. Crystal structure of Influenza hemagglutinin from strain A/Melbourne/1/1946(H1N1). Conrady, D.G., Yano, J.K., Calhoun, B., Lorimer, D.D., Horanyi, P.S., Edwards, T.E.   ;;;;;;;;;;;;;;;;
3LZG;H1N1;A/California/04/2009;Human;_;_;X-RAY DIFFRACTION;2,6;Structural basis of preexisting immunity to the 2009 H1N1 pandemic influenza virus.;;;;;;;;;;;;;;;;
4JUG;H1N1;A/South Carolina/1/1918;Human;D225G (HA1);_;X-RAY DIFFRACTION;2,7;Crystal structure of 1918 pandemic influenza virus hemagglutinin mutant D225G;;;;;;;;;;;;;;;;
4EEF;H1N1;A/Brevig Mission/1/1918;Human;_;F-HB80.4 (inhibitor);X-RAY DIFFRACTION;2,704;Optimization of affinity, specificity and function of designed influenza inhibitors using deep sequencing.;;;;;;;;;;;;;;;;
5W6R;H1N1;A/Puerto Rico/8/1934;Human;_;CP141099 (peptide);X-RAY DIFFRACTION;2,731;Potent peptidic fusion inhibitors of influenza virus.;;;;;;;;;;;;;;;;
3M6S;H1N1;A/Darwin/2001/2009;Human;S203T/R205K (HA1) V91I (HA2);_;X-RAY DIFFRACTION;2,8;Structure and Receptor binding properties of a pandemic H1N1 virus hemagglutinin;;;;;;;;;;;;;;;;
6LKS;H1N1;A/Thailand/CU44/2006;Human;_;_;X-RAY DIFFRACTION;2,8;Divalent cation-induced conformational changes of influenza virus hemagglutinin.;;;;;;;;;;;;;;;;
5UGY;H1N1;A/Solomon Islands/3/2006;Human;_;Neutralizing antibody;X-RAY DIFFRACTION;2,801;Broadly neutralizing human antibody that recognizes the receptor-binding pocket of influenza virus hemagglutinin.;;;;;;;;;;;;;;;;
4JUH;H1N1;A/South Carolina/1/1918;Human;D225G (HA1);LSTa;X-RAY DIFFRACTION;2,805;Molecular basis of the receptor binding specificity switch of the hemagglutinins from both the 1918 and 2009 pandemic influenza A viruses by a D225G substitution;;;;;;;;;;;;;;;;
3AL4;H1N1;A/California/04/2009;Human;_;_;X-RAY DIFFRACTION;2,872;Crystal structure of the swine-origin A (H1N1)-2009 influenza A virus hemagglutinin (HA) reveals similar antigenicity to that of the 1918 pandemic virus;;;;;;;;;;;;;;;;
1RUZ;H1N1;A/South Carolina/1/1918;Human;_;_;X-RAY DIFFRACTION;2,9;The structure and receptor binding properties of the 1918 influenza hemagglutinin.;;;;;;;;;;;;;;;;
4JU0;H1N1;A/California/04/2009;Human;D225E (HA1);LSTc;X-RAY DIFFRACTION;2,908;Molecular basis of the receptor binding specificity switch of the hemagglutinins from both the 1918 and 2009 pandemic influenza A viruses by a D225G substitution;;;;;;;;;;;;;;;;
5VMJ;H1N1;A/Brevig Mission/1/1918;Human;_133/D190E/D225G/Q226L/G228S (HA1);3SLN;X-RAY DIFFRACTION;2,95;Determinant of receptor-preference switch in influenza hemagglutinin.;;;;;;;;;;;;;;;;
4JTV;H1N1;A/California/04/2009;Human;_;LSTc;X-RAY DIFFRACTION;2,997;Molecular basis of the receptor binding specificity switch of the hemagglutinins from both the 1918 and 2009 pandemic influenza A viruses by a D225G substitution;;;;;;;;;;;;;;;;
4JTX;H1N1;A/California/04/2009 ;Human;D225E (HA1);_;X-RAY DIFFRACTION;2,997;Molecular basis of the receptor binding specificity switch of the hemagglutinins from both the 1918 and 2009 pandemic influenza A viruses by a D225G substitution;;;;;;;;;;;;;;;;
2WRG;H1N1;A/Brevig Mission/1/1918;Human;_;6SLN;X-RAY DIFFRACTION;3;From the Cover: Structures of Receptor Complexes Formed by Hemagglutinins from the Asian Influenza Pandemic of 1957.;;;;;;;;;;;;;;;;
4LXV;H1N1;A/Washington/5/2011;Human;_;_;X-RAY DIFFRACTION;3;Structural Stability of Influenza A(H1N1)pdm09 Virus Hemagglutinins.;;;;;;;;;;;;;;;;
4JUJ;H1N1;A/South Carolina/1/1918;Human;D225G (HA1);LSTc;X-RAY DIFFRACTION;3;Molecular basis of the receptor binding specificity switch of the hemagglutinins from both the 1918 and 2009 pandemic influenza A viruses by a D225G substitution;;;;;;;;;;;;;;;;
1RD8;H1N1;A/South Carolina/1/1918;Human;_;_;X-RAY DIFFRACTION;3;Structure of the Uncleaved Human H1 Hemagglutinin from the Extinct 1918 Influenza Virus;;;;;;;;;;;;;;;;
4GXU;H1N1;A/Brevig Mission/1/1918;Human;_;1F1 antibody;X-RAY DIFFRACTION;3;Influenza Human Monoclonal Antibody 1F1 Interacts with Three Major Antigenic Sites and Residues Mediating Human Receptor Specificity in H1N1 Viruses.;;;;;;;;;;;;;;;;
5WKO;H1N1;A/California/04/2009;Human;E47G (HA2);27F3 antibody;X-RAY DIFFRACTION;3,013;Antibody 27F3 Broadly Targets Influenza A Group 1 and 2 Hemagglutinins through a Further Variation in VH1-69 Antibody Orientation on the HA Stem.;;;;;;;;;;;;;;;;
5UJZ;H1N1;A/Solomon Islands/03/2006;Human;_;Antibody (RBS);ELECTRON MICROSCOPY;3,294;CryoEM Structure of an Influenza Virus Receptor-Binding Site Antibody-Antigen Interface.;;;;;;;;;;;;;;;;
5UK0;H1N1;A/Solomon Islands/03/2006;Human;_;Antibody (RBS);ELECTRON MICROSCOPY;3,492;CryoEM Structure of an Influenza Virus Receptor-Binding Site Antibody-Antigen Interface.;;;;;;;;;;;;;;;;
6WJ1;H1N1;A/California/04/2009;Human;_;54-4H03  Fab fragment;X-RAY DIFFRACTION;3,5;Convergent Evolution in Breadth of Two VH6-1-Encoded Influenza Antibody Clonotypes from a Single Donor.;;;;;;;;;;;;;;;;
6XGC;H1N1;A/Michigan/45/2015;Human;_;1C4 antibody;ELECTRON MICROSCOPY;4,1;Broad neutralization of H1 and H3 viruses by adjuvanted influenza HA stem vaccines in nonhuman primates.;;;;;;;;;;;;;;;;
5UK1;H1N1;A/Solomon Islands/03/2006;Human;_;Antibody (RBS);ELECTRON MICROSCOPY;4,8;CryoEM Structure of an Influenza Virus Receptor-Binding Site Antibody-Antigen Interface.;;;;;;;;;;;;;;;;
5UK2;H1N1;A/Solomon Islands/03/2006;Human;_;Antibody (RBS);ELECTRON MICROSCOPY;4,8;CryoEM Structure of an Influenza Virus Receptor-Binding Site Antibody-Antigen Interface.;;;;;;;;;;;;;;;;
;;;;;;;;;;;;;;;;;;;;;;;;
2WRH;H1N1;A/mallard/Alberta/35/1976;Avian;_;6SLN;X-RAY DIFFRACTION;3;Structures of Receptor Complexes Formed by Hemagglutinins from the Asian Influenza Pandemic of 1957;;;;;;;;;;;;;;;;
6HJN;H1N1;A/mallard/Alberta/35/1976;Avian;_;_;ELECTRON MICROSCOPY;3,3;Influenza hemagglutinin membrane anchor.;;;;;;;;;;;;;;;;
6HJP;H1N1;A/mallard/Alberta/35/1976;Avian;_;FISW84 Fab Fragment;ELECTRON MICROSCOPY;3,3;Influenza hemagglutinin membrane anchor.;;;;;;;;;;;;;;;;
6HJQ;H1N1;A/mallard/Alberta/35/1976;Avian;_;FISW84 Fab Fragment;ELECTRON MICROSCOPY;4,1;Influenza hemagglutinin membrane anchor.;;;;;;;;;;;;;;;;
6HJR;H1N1;A/mallard/Alberta/35/1976;Avian;_;_;ELECTRON MICROSCOPY;4,2;Influenza hemagglutinin membrane anchor.;;;;;;;;;;;;;;;;
;;;;;;;;;;;;;;;;;;;;;;;;
1RV0;H1N1;A/Swine/Iowa/15/1930;Swine;_;LSTa;X-RAY DIFFRACTION;2,5;The Structure and Receptor Binding Properties of the 1918 Influenza Hemagglutinin;;;;;;;;;;;;;;;;
1RVT;H1N1;A/Swine/Iowa/15/1930;Swine;_;LSTc;X-RAY DIFFRACTION;2,5;The Structure and Receptor Binding Properties of the 1918 Influenza Hemagglutinin;;;;;;;;;;;;;;;;
1RUY;H1N1;A/Swine/Iowa/15/1930;Swine;_;_;X-RAY DIFFRACTION;2,7;The structure and receptor binding properties of the 1918 influenza hemagglutinin.;;;;;;;;;;;;;;;;
;;;;;;;;;;;;;;;;;;;;;;;;
;;;;;;;;;;;;;;;;;;;;;;;;
;H1N2;;;;;;;;;;;;;;;;;;;;;;;
4F3Z;H1N2;A/sw/Indiana/P12439/00;Swine;G205C/R220C (HA1);_;X-RAY DIFFRACTION;3,2;Functional Balance of the Hemagglutinin and Neuraminidase Activities Accompanies the Emergence of the 2009 H1N1 Influenza Pandemic.;;;;;;;;;;;;;;;;
;;;;;;;;;;;;;;;;;;;;;;;;
;;;;;;;;;;;;;;;;;;;;;;;;
;H2N1;;;;;;;;;;;;;;;;;;;;;;;
2WR3;H2N1;A/duck/Ontario/1977;Avian;_;3SLN;X-RAY DIFFRACTION;2,5;Structures of receptor complexes formed by hemagglutinins from the Asian Influenza pandemic of 1957;;;;;;;;;;;;;;;;
2WR4;H2N1;A/duck/Ontario/1977;Avian;_;6SLN;X-RAY DIFFRACTION;2,5;Structures of receptor complexes formed by hemagglutinins from the Asian Influenza pandemic of 1957;;;;;;;;;;;;;;;;
2WR5;H2N1;A/duck/Ontario/1977;Avian;_;_;X-RAY DIFFRACTION;2,6;Structures of receptor complexes formed by hemagglutinins from the Asian Influenza pandemic of 1957;;;;;;;;;;;;;;;;
;;;;;;;;;;;;;;;;;;;;;;;;
;;;;;;;;;;;;;;;;;;;;;;;;
;H2N2;;;;;;;;;;;;;;;;;;;;;;;
2WR7;H2N2;A/Singapore/1/1957;Human;_;6SLN;X-RAY DIFFRACTION;2,5;From the Cover: Structures of Receptor Complexes Formed by Hemagglutinins from the Asian Influenza Pandemic of 1957.;;;;;;;;;;;;;;;;
2WRC;H2N2;A/Singapore/1/1957;Human;_;_;X-RAY DIFFRACTION;2,7;Structures of receptor complexes formed by hemagglutinins from the Asian Influenza pandemic of 1957;;;;;;;;;;;;;;;;
4HLZ;H2N2;A/Japan/305/1957;Human;_;C179 Fab Fragment;X-RAY DIFFRACTION;2,9;Structure of a classical broadly neutralizing stem antibody in complex with a pandemic h2 influenza virus hemagglutinin.;;;;;;;;;;;;;;;;
3QQO;H2N2;A/Japan/305/1957;Human;R106H (HA2);_;X-RAY DIFFRACTION;2,9;Structural Characterization of an Early Fusion Intermediate of Influenza Virus Hemagglutinin.;;;;;;;;;;;;;;;;
2WRD;H2N2;A/Japan/305/1957;Human;_;_;X-RAY DIFFRACTION;3;Structures of receptor complexes formed by hemagglutinins from the Asian Influenza pandemic of 1957;;;;;;;;;;;;;;;;
2WRE;H2N2;A/Japan/305/1957;Human;_;6SLN;X-RAY DIFFRACTION;3,001;From the Cover: Structures of Receptor Complexes Formed by Hemagglutinins from the Asian Influenza Pandemic of 1957.;;;;;;;;;;;;;;;;
2WRB;H2N2;A/Singapore/1/1957;Human;_;3SLN;X-RAY DIFFRACTION;3,1;Structures of receptor complexes formed by hemagglutinins from the Asian Influenza pandemic of 1957;;;;;;;;;;;;;;;;
4HG4;H2N2;A/Japan/305/1957;Human;_;2G1 Fab Fragment;X-RAY DIFFRACTION;3,2;A recurring motif for antibody recognition of the receptor-binding site of influenza hemagglutinin.;;;;;;;;;;;;;;;;
;;;;;;;;;;;;;;;;;;;;;;;;
2WR1;H2N2;A/chicken/New York/29878/1991;Avian;_;6SLN;X-RAY DIFFRACTION;2,1;Structures of receptor complexes formed by hemagglutinins from the Asian Influenza pandemic of 1957;;;;;;;;;;;;;;;;
2WR0;H2N2;A/chicken/New York/29878/1991;Avian;_;_;X-RAY DIFFRACTION;2,4;Structures of receptor complexes formed by hemagglutinins from the Asian Influenza pandemic of 1957;;;;;;;;;;;;;;;;
2WR2;H2N2;A/chicken/New York/29878/1991;Avian;_;3SLN;X-RAY DIFFRACTION;2,4;Structures of receptor complexes formed by hemagglutinins from the Asian Influenza pandemic of 1957;;;;;;;;;;;;;;;;
2WRF;H2N2;A/chicken/Potsdam/4705/1984;Avian;_;6SLN;X-RAY DIFFRACTION;3,1;From the Cover: Structures of Receptor Complexes Formed by Hemagglutinins from the Asian Influenza Pandemic of 1957.;;;;;;;;;;;;;;;;
;;;;;;;;;;;;;;;;;;;;;;;;
;;;;;;;;;;;;;;;;;;;;;;;;
;H2N3;;;;;;;;;;;;;;;;;;;;;;;
4W8N;H2N3;A/swine/Missouri/2124514/2006;Swine;_;_;X-RAY DIFFRACTION;2,9;Assessment of transmission, pathogenesis and adaptation of H2 subtype influenza viruses in ferrets.;;;;;;;;;;;;;;;;
;;;;;;;;;;;;;;;;;;;;;;;;
;;;;;;;;;;;;;;;;;;;;;;;;
;H3N2;;;;;;;;;;;;;;;;;;;;;;;
6MXU;H3N2;A/Texas/1/1977;Human;_;_;X-RAY DIFFRACTION;1,85;To be published. Crystal structure of hemagglutinin from influenza virus A/Texas/1/1977 (H3N2). Dai, Y.N., Fremont, D.H., Center for Structural Genomics of Infectious Diseases (CSGID);;;;;;;;;;;;;;;;
4FNK;H3N2;A/Hong Kong/1/1968;Human;_;_;X-RAY DIFFRACTION;1,901;Cross-neutralization of influenza A viruses mediated by a single antibody loop;;;;;;;;;;;;;;;;
6N08;H3N2;A/Netherlands/209/1980;Human;_;_;X-RAY DIFFRACTION;1,916;To be published. Crystal structure of hemagglutinin from influenza virus A/Netherlands/209/1980 (H3N2) Dai, Y.N., Fremont, D.H.;;;;;;;;;;;;;;;;
6NHR;H3N2;A/Hong Kong/1/1968;Human;I45F (HA2);_;X-RAY DIFFRACTION;2,1;Different genetic barriers for resistance to HA stem antibodies in influenza H3 and H1 viruses;;;;;;;;;;;;;;;;
5VTZ;H3N2;A/Hong Kong/1/1968;Human;G225Q/L226A (HA1);_;X-RAY DIFFRACTION;2,15;Diversity of Functionally Permissive Sequences in the Receptor-Binding Site of Influenza Hemagglutinin.;;;;;;;;;;;;;;;;
6BKM;H3N2;A/Hong Kong/1/1968;Human;E190D (HA1);_;X-RAY DIFFRACTION;2,2;A complex epistatic network limits the mutational reversibility in the influenza hemagglutinin receptor-binding site.;;;;;;;;;;;;;;;;
6TZB;H3N2;A/Hong Kong/1/1968;Human;_;6SLN;X-RAY DIFFRACTION;2,243;To be published. Major hemagglutinin antigenic site B of human influenza H3N2 viruses has an evolving local fitness landscape Wu, N.C., Otwinowski, J., Thompson, A.J., Nycholat, C.M., Paulson, J.C., Nourmohammad, A., Wilson, I.A.;;;;;;;;;;;;;;;;
5VTV;H3N2;A/Hong Kong/1/1968;Human;G225M/L226T/S228A (HA1);3SLN;X-RAY DIFFRACTION;2,25;Diversity of Functionally Permissive Sequences in the Receptor-Binding Site of Influenza Hemagglutinin.;;;;;;;;;;;;;;;;
5VU4;H3N2;A/Hong Kong/1/1968;Human;G225Q/L226A (HA1);6SLN;X-RAY DIFFRACTION;2,25;Diversity of Functionally Permissive Sequences in the Receptor-Binding Site of Influenza Hemagglutinin.;;;;;;;;;;;;;;;;
6BKQ;H3N2;A/Hong Kong/1/1968;Human;E190D (HA1);6SLN;X-RAY DIFFRACTION;2,25;A complex epistatic network limits the mutational reversibility in the influenza hemagglutinin receptor-binding site.;;;;;;;;;;;;;;;;
6NHP;H3N2;A/Hong Kong/1/1968;Human;I45T (HA2);_;X-RAY DIFFRACTION;2,25;Different genetic barriers for resistance to HA stem antibodies in influenza H3 and H1 viruses;;;;;;;;;;;;;;;;
6P6P;H3N2;A/Sichuan/2/1987;Human;_;_;X-RAY DIFFRACTION;2,31;Crystal structure of hemagglutinin from influenza virus A/Sichuan/2/1987 (H3N2);;;;;;;;;;;;;;;;
5VTW;H3N2;A/Hong Kong/1/1968;Human;G225M/L226T/S228A (HA1);6SLN;X-RAY DIFFRACTION;2,35;Diversity of Functionally Permissive Sequences in the Receptor-Binding Site of Influenza Hemagglutinin.;;;;;;;;;;;;;;;;
5VTY;H3N2;A/Hong Kong/1/1968;Human;G225Q/L226A (HA1);3SLN;X-RAY DIFFRACTION;2,36;Diversity of Functionally Permissive Sequences in the Receptor-Binding Site of Influenza Hemagglutinin.;;;;;;;;;;;;;;;;
6MYM;H3N2;A/Philippines/2/1982;Human;_;_;X-RAY DIFFRACTION;2,45;To be published. Crystal structure of hemagglutinin from influenza virus A/Texas/1/1977 (H3N2). Dai, Y.N., Fremont, D.H., Center for Structural Genomics of Infectious Diseases (CSGID);;;;;;;;;;;;;;;;
5VTU;H3N2;A/Hong Kong/1/1968;Human;G225L/L226S (HA1);_;X-RAY DIFFRACTION;2,45;Diversity of Functionally Permissive Sequences in the Receptor-Binding Site of Influenza Hemagglutinin.;;;;;;;;;;;;;;;;
6MZK;H3N2;A/Pennsylvania/14/2010;Human;_;_;X-RAY DIFFRACTION;2,5;To be published. Crystal structure of hemagglutinin from influenza virus A/Pennsylvania/14/2010 (H3N2) Dai, Y.N., Fremont, D.H.;;;;;;;;;;;;;;;;
5VTR;H3N2;A/Hong Kong/1/1968;Human;G225L/L226S;6SLN;X-RAY DIFFRACTION;2,5;Diversity of Functionally Permissive Sequences in the Receptor-Binding Site of Influenza Hemagglutinin.;;;;;;;;;;;;;;;;
6NHQ;H3N2;A/Hong Kong/1/1968;Human;I45M (HA2);_;X-RAY DIFFRACTION;2,5;Different genetic barriers for resistance to HA stem antibodies in influenza H3 and H1 viruses;;;;;;;;;;;;;;;;
5K9Q;H3N2;A/Hong Kong/1/1968;Human;_;16.a.26 neutralizing antibody;X-RAY DIFFRACTION;2,503;Vaccine-Induced Antibodies that Neutralize Group 1 and Group 2 Influenza A Viruses.;;;;;;;;;;;;;;;;
5T6N;H3N2;A/Hong Kong/1/1968;Human;_;Arbidol;X-RAY DIFFRACTION;2,541;Structural basis of influenza virus fusion inhibition by the antiviral drug Arbidol.;;;;;;;;;;;;;;;;
6CEX;H3N2;A/Hong Kong/1/1968;Human;_;N-Cyclohexyltaurine;X-RAY DIFFRACTION;2,57;A small-molecule fragment that emulates binding of receptor and broadly neutralizing antibodies to influenza A hemagglutinin.;;;;;;;;;;;;;;;;
5THF;H3N2;A/Hong Kong/1/1968;Human;K-S insertion between Ser and Lys 157-158 (HA1);_;X-RAY DIFFRACTION;2,59;The 150-Loop Restricts the Host Specificity of Human H10N8 Influenza Virus.;;;;;;;;;;;;;;;;
5KUY;H3N2;A/Hong Kong/1/1968;Human;R122G (HA2);HSB.2A inhibitor;X-RAY DIFFRACTION;2,598;Computational design of trimeric influenza-neutralizing proteins targeting the hemagglutinin receptor binding site.;;;;;;;;;;;;;;;;
1HGE;H3N2;A/Aichi/2-1/1968;Human;_;Receptor analog;X-RAY DIFFRACTION;2,6;Binding of influenza virus hemagglutinin to analogs of its cell-surface receptor, sialic acid: analysis by proton nuclear magnetic resonance spectroscopy and X-ray crystallography.;;;;;;;;;;;;;;;;
5VTX;H3N2;A/Hong Kong/1/1968;Human;G225M/L226T/S228A (HA1);_;X-RAY DIFFRACTION;2,65;Diversity of Functionally Permissive Sequences in the Receptor-Binding Site of Influenza Hemagglutinin.;;;;;;;;;;;;;;;;
1HGD;H3N2;A/Aichi/2-1/1968;Human;_;Receptor analog;X-RAY DIFFRACTION;2,7;Binding of influenza virus hemagglutinin to analogs of its cell-surface receptor, sialic acid: analysis by proton nuclear magnetic resonance spectroscopy and X-ray crystallography.;;;;;;;;;;;;;;;;
1HGH;H3N2;A/Aichi/2-1/1968;Human;_;Receptor analog;X-RAY DIFFRACTION;2,7;Binding of influenza virus hemagglutinin to analogs of its cell-surface receptor, sialic acid: analysis by proton nuclear magnetic resonance spectroscopy and X-ray crystallography.;;;;;;;;;;;;;;;;
1HGI;H3N2;A/Aichi/2-1/1968;Human;_;Receptor analog;X-RAY DIFFRACTION;2,7;Binding of influenza virus hemagglutinin to analogs of its cell-surface receptor, sialic acid: analysis by proton nuclear magnetic resonance spectroscopy and X-ray crystallography.;;;;;;;;;;;;;;;;
1HGJ;H3N2;A/Aichi/2-1/1968;Human;_;Receptor analog;X-RAY DIFFRACTION;2,7;Binding of influenza virus hemagglutinin to analogs of its cell-surface receptor, sialic acid: analysis by proton nuclear magnetic resonance spectroscopy and X-ray crystallography.;;;;;;;;;;;;;;;;
5KAN;H3N2;A/Hong Kong/1/1968;Human;_;16.g.07 neutralizing antibody;X-RAY DIFFRACTION;2,785;Vaccine-Induced Antibodies that Neutralize Group 1 and Group 2 Influenza A Viruses.;;;;;;;;;;;;;;;;
3EYM;H3N2;A/Aichi/2-1/1968;Human;_;Inhibitor;X-RAY DIFFRACTION;2,8;Structure of influenza hemagglutinin in complex with an inhibitor of membrane fusion;;;;;;;;;;;;;;;;
2YPG;H3N2;A/Aichi/2/1968;Human;_;LSTc;X-RAY DIFFRACTION;2,85;Evolution of the Receptor Binding Properties of the Influenza A(H3N2) Hemagglutinin. Lin, Y.P., Xiong, X., Wharton, S.A., Martin, S.R., Coombs, P.J., Vachieri, S.G., Christodoulou, E., Walker, P.A., Liu, J., Skehel, J.J., Gamblin, S.J., Hay, A.J., Daniels, R.S., Mccauley, J.W. (2012) Proc.Natl.Acad.Sci.USA 109: 21474;;;;;;;;;;;;;;;;
3HMG;H3N2;A/Aichi/2/1968 ;Human;_;_;X-RAY DIFFRACTION;2,9;Refinement of the influenza virus hemagglutinin by simulated annealing. Weis, W.I., Brunger, A.T., Skehel, J.J., Wiley, D.C. (1990) J.Mol.Biol. 212: 737-761;;;;;;;;;;;;;;;;
1HGG;H3N2;A/Aichi/2-1/1968;Human;_;Receptor analog;X-RAY DIFFRACTION;2,9;Binding of influenza virus hemagglutinin to analogs of its cell-surface receptor, sialic acid: analysis by proton nuclear magnetic resonance spectroscopy and X-ray crystallography.;;;;;;;;;;;;;;;;
6WXB;H3N2;A/Hong Kong/1/1968;Human;_;_;ELECTRON MICROSCOPY;2,9;Through-grid wicking enables high-speed cryoEM specimen preparation.;;;;;;;;;;;;;;;;
5VTQ;H3N2;A/Hong Kong/1/1968;Human;G225L/L226S (HA1);3SLN;X-RAY DIFFRACTION;2,95;Diversity of Functionally Permissive Sequences in the Receptor-Binding Site of Influenza Hemagglutinin.;;;;;;;;;;;;;;;;
4GMS;H3N2;A/Victoria/3/1975;Human;_;S139/1 Fab fragment;X-RAY DIFFRACTION;2,95;Heterosubtypic antibody recognition of the influenza virus hemagglutinin receptor binding site enhanced by avidity.;;;;;;;;;;;;;;;;
2HMG;H3N2;A/Hong Kong/19/1968;Human;_;_;X-RAY DIFFRACTION;3;Refinement of the influenza virus hemagglutinin by simulated annealing. Weis, W.I., Brunger, A.T., Skehel, J.J., Wiley, D.C. (1990) J.Mol.Biol. 212: 737-761;;;;;;;;;;;;;;;;
4HMG;H3N2;A/Aichi/2/1968 ;Human;_;_;X-RAY DIFFRACTION;3;Refinement of the influenza virus hemagglutinin by simulated annealing. Weis, W.I., Brunger, A.T., Skehel, J.J., Wiley, D.C. (1990) J.Mol.Biol. 212: 737-761;;;;;;;;;;;;;;;;
3VUN;H3N2;A/Aichi/2/1968 ;Human;_;Receptor;X-RAY DIFFRACTION;3;To be published.Crystal structure of a influenza A virus (A/Aichi/2/1968 H3N2) hemagglutinin in C2 space group. Yasutake, Y., Suzuki, T., Kawaguchi, A., Nobusawa, E.;;;;;;;;;;;;;;;;
4ZCJ;H3N2;A/Hong Kong/1/1968;Human;C30 (HA1) / C47 (HA2);_;X-RAY DIFFRACTION;3;Design and Structure of an Engineered Disulfide-Stabilized Influenza Virus Hemagglutinin Trimer.;;;;;;;;;;;;;;;;
1HGF;H3N2;A/Aichi/2-1/1968;Human;_;Receptor analog;X-RAY DIFFRACTION;3;Binding of influenza virus hemagglutinin to analogs of its cell-surface receptor, sialic acid: analysis by proton nuclear magnetic resonance spectroscopy and X-ray crystallography.;;;;;;;;;;;;;;;;
5HMG;H3N2;A/Aichi/2/1968;Human;_;_;X-RAY DIFFRACTION;3,2;Refinement of the influenza virus hemagglutinin by simulated annealing. Weis, W.I., Brunger, A.T., Skehel, J.J., Wiley, D.C. (1990) J.Mol.Biol. 212: 737-761;;;;;;;;;;;;;;;;
3ZTJ;H3N2;A/Aichi/2/1968;Human;_;Neutralizing antibody;X-RAY DIFFRACTION;3,41;A Neutralizing Antibody Selected from Plasma Cells that Binds to Group 1 and Group 2 Influenza a Hemagglutinins.;;;;;;;;;;;;;;;;
1KEN;H3N2;A/Aichi/2/1968;Human;_;Neutralizing antibody;X-RAY DIFFRACTION;3,5;An Antibody that Prevents the Hemagglutinin Low pH Fusogenic Transition;;;;;;;;;;;;;;;;
4UBD;H3N2;A/Hong Kong/1/1968;Human;_;Neutralizing antibody;X-RAY DIFFRACTION;3,5;A potent broad-spectrum protective human monoclonal antibody crosslinking two haemagglutinin monomers of influenza A virus.;;;;;;;;;;;;;;;;
5KAQ;H3N2;A/Hong Kong/1-4-MA21-1/1968;Human;_;31.a.83 Neutralizing antibody;X-RAY DIFFRACTION;3,514;Vaccine-Induced Antibodies that Neutralize Group 1 and Group 2 Influenza A Viruses.;;;;;;;;;;;;;;;;
6PDX;H3N2;A/Switzerland/9715293/2013;Human;_;C585 Fab fragment;X-RAY DIFFRACTION;3,99;Mapping of a Novel H3-Specific Broadly Neutralizing Monoclonal Antibody Targeting the Hemagglutinin Globular Head Isolated from an Elite Influenza Virus-Immunized Donor Exhibiting Serological Breadth.;;;;;;;;;;;;;;;;
3WHE;H3N2;A/Aichi/2-1/1968;Human;_;Neutralizing antibody;X-RAY DIFFRACTION;4;Conserved Neutralizing Epitope at Globular Head of Hemagglutinin in H3N2 Influenza Viruses.;;;;;;;;;;;;;;;;
4NM8;H3N2;A/Hong Kong/1/1968;Human;_;CR8043 Neutralizing antibody;X-RAY DIFFRACTION;4,0041;A common solution to group 2 influenza virus neutralization.;;;;;;;;;;;;;;;;
4FQR;H3N2;A/Hong Kong/1/1968;Human;_;C05 Neutralizing antibody;X-RAY DIFFRACTION;4,1;Cross-neutralization of influenza A viruses mediated by a single antibody loop.;;;;;;;;;;;;;;;;
4O5I;H3N2;A/Victoria/361/2011;Human;_;F045-092 Neutralizing antibody;X-RAY DIFFRACTION;6,501;Receptor mimicry by antibody F045-092 facilitates universal binding to the H3 subtype of influenza virus.;;;;;;;;;;;;;;;;
;;;;;;;;;;;;;;;;;;;;;;;;
5XRS;H3N2;A/swine/Minnesota/11/2010;Swine;_;LSTc;X-RAY DIFFRACTION;2,907;A multifunctional human monoclonal neutralizing antibody that targets a unique conserved epitope on influenza HA.;;;;;;;;;;;;;;;;
5XRT;H3N2;A/swine/Minnesota/11/2010;Swine;_;_;X-RAY DIFFRACTION;3,15;A multifunctional human monoclonal neutralizing antibody that targets a unique conserved epitope on influenza HA.;;;;;;;;;;;;;;;;
;;;;;;;;;;;;;;;;;;;;;;;;
6N4F;H3N2;A/canine/IL/11613/2015;Canine;_;_;X-RAY DIFFRACTION;3,01;Assessment of Molecular, Antigenic, and Pathological Features of Canine Influenza A(H3N2) Viruses That Emerged in the United States.;;;;;;;;;;;;;;;;
;;;;;;;;;;;;;;;;;;;;;;;;
;;;; ;;;;;;;;;;;;;;;;;;;;
;H3N8;;;;;;;;;;;;;;;;;;;;;;;
4WA1;H3N8;A/harbor seal/Massachusetts/1/2011;Seal;_;_;X-RAY DIFFRACTION;1,898;Structural and Functional Analysis of Surface Proteins from an A(H3N8) Influenza Virus Isolated from New England Harbor Seals.;;;;;;;;;;;;;;;;
4WA2;H3N8;A/harbor seal/Massachusetts/1/2011;Seal;_;3SLN;X-RAY DIFFRACTION;2,5;Structural and Functional Analysis of Surface Proteins from an A(H3N8) Influenza Virus Isolated from New England Harbor Seals.;;;;;;;;;;;;;;;;
;;;;;;;;;;;;;;;;;;;;;;;;
1MQM;H3N8;A/duck/Ukraine/1/1963;Avian;_;LSTa;X-RAY DIFFRACTION;2,6;X-ray structure of the hemagglutinin of a potential H3 avian progenitor of the 1968 Hong Kong pandemic influenza virus;;;;;;;;;;;;;;;;
1MQL;H3N8;A/duck/Ukraine/1/1963;Avian;_;_;X-RAY DIFFRACTION;2,9;X-ray structure of the hemagglutinin of a potential H3 avian progenitor of the 1968 Hong Kong pandemic influenza virus;;;;;;;;;;;;;;;;
1MQN;H3N8;A/duck/Ukraine/1/1963;Avian;_;LSTc;X-RAY DIFFRACTION;3,2;X-ray structure of the hemagglutinin of a potential H3 avian progenitor of the 1968 Hong Kong pandemic influenza virus;;;;;;;;;;;;;;;;
;;;;;;;;;;;;;;;;;;;;;;;;
4UO0;H3N8;A/equine/Richmond/1/2007;Equine;_;_;X-RAY DIFFRACTION;1,9;Recent Evolution of Equine Influenza and the Origin of Canine Influenza.;;;;;;;;;;;;;;;;
4UNW;H3N8;A/equine/Newmarket/1993;Equine;_;_;X-RAY DIFFRACTION;2,6;Recent Evolution of Equine Influenza and the Origin of Canine Influenza.;;;;;;;;;;;;;;;;
4UO3;H3N8;A/equine/Richmond/1/2007;Equine;S30T (HA1;_;X-RAY DIFFRACTION;2,87;Recent Evolution of Equine Influenza and the Origin of Canine Influenza.;;;;;;;;;;;;;;;;
4UNZ;H3N8;A/equine/Newmarket/1993;Equine;_;6SO4-Sialyl Lewis X;X-RAY DIFFRACTION;2,9;Recent Evolution of Equine Influenza and the Origin of Canine Influenza.;;;;;;;;;;;;;;;;
4UO1;H3N8;A/equine/Richmond/1/2007;Equine;_;3SLN;X-RAY DIFFRACTION;3;Recent Evolution of Equine Influenza and the Origin of Canine Influenza.;;;;;;;;;;;;;;;;
4UNX;H3N8;A/eq/Newmarket/93;Equine;_;3SLN;X-RAY DIFFRACTION;3,2;Recent Evolution of Equine Influenza and the Origin of Canine Influenza.;;;;;;;;;;;;;;;;
;;;;;;;;;;;;;;;;;;;;;;;;
4UO5;H3N8;A/canine/Colorado/17864/2006;Canine;_;3SLN;X-RAY DIFFRACTION;2,7;Recent Evolution of Equine Influenza and the Origin of Canine Influenza.;;;;;;;;;;;;;;;;
4UNY;H3N8;A/canine/Colorado/17864/2006;Canine;_;6SO4-3SLN;X-RAY DIFFRACTION;2,9;Recent Evolution of Equine Influenza and the Origin of Canine Influenza.;;;;;;;;;;;;;;;;
4UO7;H3N8;A/canine/Colorado/17864/2006;Canine;_;6SO4 Sialyl Lewis X;X-RAY DIFFRACTION;3;Recent Evolution of Equine Influenza and the Origin of Canine Influenza.;;;;;;;;;;;;;;;;
;;;;;;;;;;;;;;;;;;;;;;;;
;;;;;;;;;;;;;;;;;;;;;;;;
;H4N6;;;;;;;;;;;;;;;;;;;;;;;
5XL8;H4N6;A/Duck/Czechoslovakia/1956;Avian;G228S (HA1);_;X-RAY DIFFRACTION;2,001;Avian-to-Human Receptor-Binding Adaptation by Influenza A Virus Hemagglutinin H4;;;;;;;;;;;;;;;;
5XL9;H4N6;A/Duck/Czechoslovakia/1956;Avian;G228S (HA1);LSTa;X-RAY DIFFRACTION;2,39;Avian-to-Human Receptor-Binding Adaptation by Influenza A Virus Hemagglutinin H4;;;;;;;;;;;;;;;;
5Y2M;H4N6;A/Duck/Czechoslovakia/1956;Avian;_;AF4H1K1 antibody;X-RAY DIFFRACTION;3,8;To be published. An H3-clade neutralizing antibody screened from an H7N9 patient that binds group 2 influenza A hemagglutinins. Xiao, H., Qi, J., Gao, F.G.;;;;;;;;;;;;;;;;
;;;;;;;;;;;;;;;;;;;;;;;;
6V44;H4N6;A/swine/Missouri/A01727926/2015;Swine;_;_;X-RAY DIFFRACTION;2,2;Molecular characterization and three-dimensional structures of avian H8, H11, H14, H15 and swine H4 influenza virus hemagglutinins;;;;;;;;;;;;;;;;
5XL2;H4N6;A/swine/Ontario/01911-1/99;Swine;_;_;X-RAY DIFFRACTION;2,3;Avian-to-Human Receptor-Binding Adaptation by Influenza A Virus Hemagglutinin H4;;;;;;;;;;;;;;;;
;;;;;;;;;;;;;;;;;;;;;;;;
;;;;;;;;;;;;;;;;;;;;;;;;
;H5N1;;;;;;;;;;;;;;;;;;;;;;;
6CF5;H5N1;A/Viet Nam/1203/2004;Human;_;N-Cyclohexyltaurine;X-RAY DIFFRACTION;2,04;A small-molecule fragment that emulates binding of receptor and broadly neutralizing antibodies to influenza A hemagglutinin.;;;;;;;;;;;;;;;;
4KDO;H5N1;A/Vietnam/1203/2004 (high pathogenic);Human;_;LSTc;X-RAY DIFFRACTION;2,396;Structure and receptor-binding properties of an airborne transmissible avian influenza A virus hemagglutinin H5 (VN1203mut).;;;;;;;;;;;;;;;;
3ZNM;H5N1;A/Vietnam/1194/2004;Human;_;Sialyl-Lewis X;X-RAY DIFFRACTION;2,4;Recognition of Sulphated and Fucosylated Receptor Sialosides by A/Vietnam/1194/2004 (H5N1) Influenza Virus.;;;;;;;;;;;;;;;;
4KDN;H5N1;A/Vietnam/1203/2004 (high pathogenic);Human;_;LSTa;X-RAY DIFFRACTION;2,483;Structure and receptor-binding properties of an airborne transmissible avian influenza A virus hemagglutinin H5 (VN1203mut).;;;;;;;;;;;;;;;;
4KDM;H5N1;A/Vietnam/1203/2004 (high pathogenic);Human;N158D/N224K/Q226L/T318I (HA1);_;X-RAY DIFFRACTION;2,496;Structure and receptor-binding properties of an airborne transmissible avian influenza A virus hemagglutinin H5 (VN1203mut).;;;;;;;;;;;;;;;;
3ZNL;H5N1;A/Vietnam/1194/2004;Human;_;Sulfated Lewis X;X-RAY DIFFRACTION;2,5;Recognition of Sulphated and Fucosylated Receptor Sialosides by A/Vietnam/1194/2004 (H5N1) Influenza Virus.;;;;;;;;;;;;;;;;
4KTH;H5N1;A/Hubei/1/2010;Human;_;_;X-RAY DIFFRACTION;2,6;Structural and Antigenic Variation among Diverse Clade 2 H5N1 Viruses.;;;;;;;;;;;;;;;;
4KDQ;H5N1;A/Xinjiang/1/2006;Human;_;_;X-RAY DIFFRACTION;2,604;Structure and receptor-binding properties of an airborne transmissible avian influenza A virus hemagglutinin H5 (VN1203mut).;;;;;;;;;;;;;;;;
3ZNK;H5N1;A/Vietnam/1194/2004;Human;_;Su-3SLN;X-RAY DIFFRACTION;2,71;Recognition of Sulphated and Fucosylated Receptor Sialosides by A/Vietnam/1194/2004 (H5N1) Influenza Virus.;;;;;;;;;;;;;;;;
2IBX;H5N1;A/Vietnam/1194/2004;Human;_;_;X-RAY DIFFRACTION;2,8;Haemagglutinin mutations responsible for the binding of H5N1 influenza A viruses to human-type receptors.;;;;;;;;;;;;;;;;
2FK0;H5N1;A/Vietnam/1203/2004 (high pathogenic);Human;_;_;X-RAY DIFFRACTION;2,95;Structure and Receptor Specificity of the Hemagglutinin from an H5N1 Influenza Virus.;;;;;;;;;;;;;;;;
4N5Z;H5N1;A/Viet Nam/1203/2004;Human;N158D/N224K/Q226L/T318I (HA1);_;X-RAY DIFFRACTION;2,9537;Hemagglutinin Receptor Specificity and Structural Analyses of Respiratory Droplet-Transmissible H5N1 Viruses.;;;;;;;;;;;;;;;;
6E7G;H5N1;A/Viet Nam/1203/2004;Human;;;X-RAY DIFFRACTION;3,094;N-Glycolylneuraminic Acid as a Receptor for Influenza A Viruses.;;;;;;;;;;;;;;;;
4N5Y;H5N1;A/Viet Nam/1203/2004;Human;Y161A (HA1);_;X-RAY DIFFRACTION;3,1615;Hemagglutinin Receptor Specificity and Structural Analyses of Respiratory Droplet-Transmissible H5N1 Viruses.;;;;;;;;;;;;;;;;
3FKU;H5N1;A/Viet Nam/1203/2004;Human;_;F10 neutralizing antibody;X-RAY DIFFRACTION;3,2;Structural and functional bases for broad-spectrum neutralization of avian and human influenza A viruses.;;;;;;;;;;;;;;;;
6E7H;H5N1;A/Viet Nam/1203/2004;Human;Y161A (HA1);3'-GcLN;X-RAY DIFFRACTION;3,3;N-Glycolylneuraminic Acid as a Receptor for Influenza A Viruses.;;;;;;;;;;;;;;;;
4MHH;H5N1;A/Viet Nam/1203/2004;Human;_;H5M9 Fab fragment;X-RAY DIFFRACTION;3,564;A Unique and Conserved Neutralization Epitope in H5N1 Influenza Viruses Identified by an Antibody against the A/Goose/Guangdong/1/96 Hemagglutinin.;;;;;;;;;;;;;;;;
5JW4;H5N1;A/Vietnam/1194/2004;Human;N182K (HA1);MEDI8852 Fab Fragment;X-RAY DIFFRACTION;3,7;Structure and Function Analysis of an Antibody Recognizing All Influenza A Subtypes.;;;;;;;;;;;;;;;;
6B3M;H5N1;A/Vietnam/1203/2004 (high pathogenic);Human;_;70-1F02 antibody;X-RAY DIFFRACTION;3,92;Broadly Reactive Human Monoclonal Antibodies Elicited following Pandemic H1N1 Influenza Virus Exposure Protect Mice against Highly Pathogenic H5N1 Challenge.;;;;;;;;;;;;;;;;
;;;;;;;;;;;;;;;;;;;;;;;;
4CQY;H5N1;A/turkey/Turkey/1/2005;Avian;_133/I155T (HA1);LSTa;X-RAY DIFFRACTION;2,05;Enhanced Human Receptor Binding by H5 Haemagglutinins.;;;;;;;;;;;;;;;;
4BH1;H5N1;A/turkey/Turkey/1/2005;Avian;_;3SLN;X-RAY DIFFRACTION;2,15;Receptor Binding by a Ferret-Transmissible H5 Avian Influenza Virus;;;;;;;;;;;;;;;;
6VMZ;H5N1;A/chicken/Vietnam/4/2003;Avian;_;CBS1117;X-RAY DIFFRACTION;2,2;Structure of avian influenza hemagglutinin in complex with a small molecule entry inhibitor.;;;;;;;;;;;;;;;;
4CQW;H5N1;A/turkey/Turkey/1/2005;Avian;_133/I155T (HA1);3SLN;X-RAY DIFFRACTION;2,3;Enhanced Human Receptor Binding by H5 Haemagglutinins.;;;;;;;;;;;;;;;;
4CQX;H5N1;A/turkey/Turkey/1/2005;Avian;_133/I155T (HA1);6SLN;X-RAY DIFFRACTION;2,3;Enhanced Human Receptor Binding by H5 Haemagglutinins.;;;;;;;;;;;;;;;;
4JUN;H5N1;A/duck/Guangxi/2396/2004;Avian;_;_;X-RAY DIFFRACTION;2,3398;To be published DuBois, R.M., Zaraket, H., Reddivari, M., Coop, T., Heath, R.J., White, S.W., Russell, C.J.;;;;;;;;;;;;;;;;
4BH0;H5N1;A/turkey/Turkey/1/2005;Avian;_;6SLN;X-RAY DIFFRACTION;2,36;Receptor Binding by a Ferret-Transmissible H5 Avian Influenza Virus;;;;;;;;;;;;;;;;
3S11;H5N1;A/Goose/Guangdong/1/1996;Avian;_;_;X-RAY DIFFRACTION;2,5;Acid stability of the hemagglutinin protein regulates H5N1 influenza virus pathogenicity.;;;;;;;;;;;;;;;;
4MHI;H5N1;A/Goose/Guangdong/1/96;Avian;_;_;X-RAY DIFFRACTION;2,595;A Unique and Conserved Neutralization Epitope in H5N1 Influenza Viruses Identified by an Antibody against the A/Goose/Guangdong/1/96 Hemagglutinin.;;;;;;;;;;;;;;;;
5E2Y;H5N1;A/duck/Egypt/10185SS/2010;Avian;Q226L (HA1);_;X-RAY DIFFRACTION;2,6;Structural Basis for a Switch in Receptor Binding Specificity of Two H5N1 Hemagglutinin Mutants.;;;;;;;;;;;;;;;;
5E2Z;H5N1;A/duck/Egypt/10185SS/2010;Avian;Q226L (HA1);LSTa;X-RAY DIFFRACTION;2,624;Structural Basis for a Switch in Receptor Binding Specificity of Two H5N1 Hemagglutinin Mutants.;;;;;;;;;;;;;;;;
4BGZ;H5N1;A/turkey/Turkey/1/2005;Avian;_;_;X-RAY DIFFRACTION;2,68;Receptor Binding by a Ferret-Transmissible H5 Avian Influenza Virus;;;;;;;;;;;;;;;;
5E30;H5N1;A/duck/Egypt/10185SS/2010;Avian;Q226L (HA1);LSTc;X-RAY DIFFRACTION;2,7;Structural Basis for a Switch in Receptor Binding Specificity of Two H5N1 Hemagglutinin Mutants.;;;;;;;;;;;;;;;;
4JUL;H5N1;A/duck/Laos/3295/2006;Avian;_;_;X-RAY DIFFRACTION;2,7927;To be published DuBois, R.M., Zaraket, H., Reddivari, M., Coop, T., Heath, R.J., White, S.W., Russell, C.J.;;;;;;;;;;;;;;;;
4CQV;H5N1;A/turkey/Turkey/1/2005;Avian;_133/I155T (HA1);_;X-RAY DIFFRACTION;2,86;Enhanced Human Receptor Binding by H5 Haemagglutinins.;;;;;;;;;;;;;;;;
4MHJ;H5N1;A/Goose/Guangdong/1/96;Avian;_;H5M9 Fab fragment;X-RAY DIFFRACTION;6,98;A Unique and Conserved Neutralization Epitope in H5N1 Influenza Viruses Identified by an Antibody against the A/Goose/Guangdong/1/96 Hemagglutinin.;;;;;;;;;;;;;;;;
;;;;;;;;;;;;;;;;;;;;;;;;
;;;;;;;;;;;;;;;;;;;;;;;;
;H5N2;;;;;;;;;;;;;;;;;;;;;;;
5YKC;H5N2;A/chicken/Taiwan/0502/2012;Avian;_;_;X-RAY DIFFRACTION;2,823;To be published. Crystal structure of H5 hemagglutinin from A/chicken/Taiwan/0502/2012. Lin, T.H., Lee, M.S., Wu, W.G.;;;;;;;;;;;;;;;;
;;;;;;;;;;;;;;;;;;;;;;;;
;;;;;;;;;;;;;;;;;;;;;;;;
;H5N6;;;;;;;;;;;;;;;;;;;;;;;
5HU8;H5N6;A/Sichuan/26221/2014;Human;_;_;X-RAY DIFFRACTION;2,45;Molecular Characterizations of Surface Proteins Hemagglutinin and Neuraminidase from Recent H5Nx Avian Influenza Viruses.;;;;;;;;;;;;;;;;
;;;;;;;;;;;;;;;;;;;;;;;;
;;;;;;;;;;;;;;;;;;;;;;;;
;H5N8;;;;;;;;;;;;;;;;;;;;;;;
5HUF;H5N8;A/gyrfalcon/Washington/41088-6/2014;Avian;_;_;X-RAY DIFFRACTION;2,81;Molecular Characterizations of Surface Proteins Hemagglutinin and Neuraminidase from Recent H5Nx Avian Influenza Viruses.;;;;;;;;;;;;;;;;
;;;;;;;;;;;;;;;;;;;;;;;;
;;;;;;;;;;;;;;;;;;;;;;;;
;H6N1;;;;;;;;;;;;;;;;;;;;;;;
5T0B;H6N1;A/Taiwan/2/2013;Human;G225D (HA1);6SLN;X-RAY DIFFRACTION;2,001;A single mutation in Taiwanese H6N1 influenza hemagglutinin switches binding to human-type receptors.;;;;;;;;;;;;;;;;
5T0E;H6N1;A/Taiwan/2/2013;Human;G225D (HA1);LSTa;X-RAY DIFFRACTION;2,089;A single mutation in Taiwanese H6N1 influenza hemagglutinin switches binding to human-type receptors.;;;;;;;;;;;;;;;;
5T08;H6N1;A/Taiwan/2/2013;Human;G225D (HA1);_;X-RAY DIFFRACTION;2,1895;A single mutation in Taiwanese H6N1 influenza hemagglutinin switches binding to human-type receptors.;;;;;;;;;;;;;;;;
4XKG;H6N1;A/Taiwan/2/2013;Human;_;6SLN;X-RAY DIFFRACTION;2,25;Structure and Receptor Binding of the Hemagglutinin from a Human H6N1 Influenza Virus.;;;;;;;;;;;;;;;;
4XKE;H6N1;A/Taiwan/2/2013;Human;_;3SLN;X-RAY DIFFRACTION;2,356;Structure and Receptor Binding of the Hemagglutinin from a Human H6N1 Influenza Virus.;;;;;;;;;;;;;;;;
4WST;H6N1;A/Taiwan/1/2013;Human;_;_;X-RAY DIFFRACTION;2,4;Structure and Receptor Binding Preferences of Recombinant Hemagglutinins from Avian and Human H6 and H10 Influenza A Virus Subtypes;;;;;;;;;;;;;;;;
4XKF;H6N1;A/Taiwan/2/2013;Human;_;LSTa;X-RAY DIFFRACTION;2,446;Structure and Receptor Binding of the Hemagglutinin from a Human H6N1 Influenza Virus.;;;;;;;;;;;;;;;;
4XKD;H6N1;A/Taiwan/2/2013;Human;_;_;X-RAY DIFFRACTION;2,482;Structure and Receptor Binding of the Hemagglutinin from a Human H6N1 Influenza Virus.;;;;;;;;;;;;;;;;
4WSU;H6N1;A/Taiwan/1/2013;Human;_;3SLN;X-RAY DIFFRACTION;2,7;Structure and Receptor Binding Preferences of Recombinant Hemagglutinins from Avian and Human H6 and H10 Influenza A Virus Subtypes;;;;;;;;;;;;;;;;
5T0D;H6N1;A/Taiwan/2/2013;Human;G225D (HA1);3SLN;X-RAY DIFFRACTION;2,864;A single mutation in Taiwanese H6N1 influenza hemagglutinin switches binding to human-type receptors.;;;;;;;;;;;;;;;;
4WSV;H6N1;A/Taiwan/1/2013;Human;_;6SLN;X-RAY DIFFRACTION;3,1;Structure and receptor binding preferences of recombinant hemagglutinins from avian and human h6 and h10 influenza a virus subtypes.;;;;;;;;;;;;;;;;
;;;;;;;;;;;;;;;;;;;;;;;;
4YY0;H6N1;A/chicken/Taiwan/A2837/2013;Avian;_;_;;2,59;To be published. Structure of hemagglutinin from a H6N1 influenza virus (A/chicken/Taiwan/A2837/2013). Wang, F., Qi, J., Bi, Y., Zhang, W., Wang, M., Wang, M., Liu, J., Yan, J., Shi, Y., Gao, G.F.;;;;;;;;;;;;;;;;
;;;;;;;;;;;;;;;;;;;;;;;;
;;;;;;;;;;;;;;;;;;;;;;;;
;H6N2;;;;;;;;;;;;;;;;;;;;;;;
4WSR;H6N2;A/chicken/New York/14677-13/1998;Avian;_;_;X-RAY DIFFRACTION;2,5;Structure and Receptor Binding Preferences of Recombinant Hemagglutinins from Avian and Human H6 and H10 Influenza A Virus Subtypes;;;;;;;;;;;;;;;;
4WSS;H6N2;A/chicken/New York/14677-13/1998;Avian;_;LSTa;X-RAY DIFFRACTION;2,8;Structure and receptor binding preferences of recombinant hemagglutinins from avian and human h6 and h10 influenza a virus subtypes.;;;;;;;;;;;;;;;;
;;;;;;;;;;;;;;;;;;;;;;;;
;;;;;;;;;;;;;;;;;;;;;;;;
;H6N6;;;;;;;;;;;;;;;;;;;;;;;
5BNY;H6N6;A/Chicken/Guangdong/S1311/2010;Avian;_;_;X-RAY DIFFRACTION;2,66;Structural and Functional Studies of Influenza Virus A/H6 Hemagglutinin.;;;;;;;;;;;;;;;;
5BQY;H6N6;A/Chicken/Guangdong/S1311/2010;Avian;_;LSTa;X-RAY DIFFRACTION;2,78;Structural and Functional Studies of Influenza Virus A/H6 Hemagglutinin.;;;;;;;;;;;;;;;;
5BQZ;H6N6;A/Chicken/Guangdong/S1311/2010;Avian;_;LSTc;X-RAY DIFFRACTION;2,89;Structural and Functional Studies of Influenza Virus A/H6 Hemagglutinin.;;;;;;;;;;;;;;;;
;;;;;;;;;;;;;;;;;;;;;;;;
;;;;;;;;;;;;;;;;;;;;;;;;
;H7N2;;;;;;;;;;;;;;;;;;;;;;;
3M5G;H7N2;A/New York/107/2003;Human;_;_;X-RAY DIFFRACTION;2,6;Structures of receptor complexes of a North American H7N2 influenza hemagglutinin with a loop deletion in the receptor binding site.;;;;;;;;;;;;;;;;
3M5J;H7N2;A/New York/107/2003;Human;_;LSTb;X-RAY DIFFRACTION;2,6;Structures of receptor complexes of a North American H7N2 influenza hemagglutinin with a loop deletion in the receptor binding site.;;;;;;;;;;;;;;;;
3M5H;H7N2;A/New York/107/2003;Human;_;3SLN;X-RAY DIFFRACTION;2,7;Structures of receptor complexes of a North American H7N2 influenza hemagglutinin with a loop deletion in the receptor binding site.;;;;;;;;;;;;;;;;
3M5I;H7N2;A/New York/107/2003;Human;_;6SLN;X-RAY DIFFRACTION;3;Structures of receptor complexes of a North American H7N2 influenza hemagglutinin with a loop deletion in the receptor binding site.;;;;;;;;;;;;;;;;
6MLM;H7N2;A/New York/107/2003;Human;_;H7.5 antibody;ELECTRON MICROSCOPY;3,5;Potent anti-influenza H7 human monoclonal antibody induces separation of hemagglutinin receptor-binding head domains.;;;;;;;;;;;;;;;;
;;;;;;;;;;;;;;;;;;;;;;;;
;;;;;;;;;;;;;;;;;;;;;;;;
;H7N7;;;;;;;;;;;;;;;;;;;;;;;
4DJ6;H7N7;A/Netherlands/219/2003;Human;_;_;X-RAY DIFFRACTION;2,61;Structure and receptor complexes of the hemagglutinin from a highly pathogenic H7N7 influenza virus.;;;;;;;;;;;;;;;;
4DJ8;H7N7;A/Netherlands/219/2003;Human;_;6SLN;X-RAY DIFFRACTION;2,8;Structure and receptor complexes of the hemagglutinin from a highly pathogenic H7N7 influenza virus.;;;;;;;;;;;;;;;;
4DJ7;H7N7;A/Netherlands/219/2003;Human;_;3SLN;X-RAY DIFFRACTION;2,81;Structure and receptor complexes of the hemagglutinin from a highly pathogenic H7N7 influenza virus.;;;;;;;;;;;;;;;;
4FQV;H7N7;A/Netherlands/219/2003;Human;_;CR9114 antibody;X-RAY DIFFRACTION;5,75;Highly conserved protective epitopes on influenza B viruses.;;;;;;;;;;;;;;;;
;;;;;;;;;;;;;;;;;;;;;;;;
;;;;;;;;;;;;;;;;;;;;;;;;
;H7N9;;;;;;;;;;;;;;;;;;;;;;;
4LN6;H7N9;A/Shanghai/02/2013;Human;_;_;X-RAY DIFFRACTION;2,12;Structural Analysis of the Hemagglutinin from the Recent 2013 H7N9 Influenza Virus.;;;;;;;;;;;;;;;;
5T6S;H7N9;A/Shanghai/2/2013;Human;_;Arbidol;X-RAY DIFFRACTION;2,36;Structural basis of influenza virus fusion inhibition by the antiviral drug Arbidol.;;;;;;;;;;;;;;;;
6IDD;H7N9;A/Shanghai/1/2013;Human;S138A/G186V/T221P/Q226L (HA1);_;X-RAY DIFFRACTION;2,38;Avian-to-Human Receptor-Binding Adaptation of Avian H7N9 Influenza Virus Hemagglutinin;;;;;;;;;;;;;;;;
4LN8;H7N9;A/shanghai/2/2013;Human;_;LSTb;X-RAY DIFFRACTION;2,5;Structural Analysis of the Hemagglutinin from the Recent 2013 H7N9 Influenza Virus.;;;;;;;;;;;;;;;;
6FYU;H7N9;A/shanghai/2/2013;Human;_;SD36;X-RAY DIFFRACTION;2,643;Universal protection against influenza infection by a multidomain antibody to influenza hemagglutinin.;;;;;;;;;;;;;;;;
4LN3;H7N9;A/Shanghai/1/2013;Human;_;_;X-RAY DIFFRACTION;2,65;Structural Analysis of the Hemagglutinin from the Recent 2013 H7N9 Influenza Virus.;;;;;;;;;;;;;;;;
6D7U;H7N9;A/Guangdong/17SF003/2016;Human;_;_;X-RAY DIFFRACTION;2,7;Structural and Molecular Characterization of the Hemagglutinin from the Fifth-Epidemic-Wave A(H7N9) Influenza Viruses.;;;;;;;;;;;;;;;;
6ID2;H7N9;A/Anhui/1/2013;Human;P221T (HA1);_;X-RAY DIFFRACTION;2,705;Avian-to-Human Receptor-Binding Adaptation of Avian H7N9 Influenza Virus Hemagglutinin;;;;;;;;;;;;;;;;
6D7C;H7N9;A/Hong Kong/61/2016;Human;_;_;X-RAY DIFFRACTION;2,95;Structural and Molecular Characterization of the Hemagglutinin from the Fifth-Epidemic-Wave A(H7N9) Influenza Viruses.;;;;;;;;;;;;;;;;
6D8B;H7N9;A/Hong Kong/61/2016;Human;_;_;X-RAY DIFFRACTION;2,95;Structural and Molecular Characterization of the Hemagglutinin from the Fifth-Epidemic-Wave A(H7N9) Influenza Viruses.;;;;;;;;;;;;;;;;
4LCX;H7N9;A/Shanghai/1/2013;Human;_;_;X-RAY DIFFRACTION;3,094;Structures and receptor binding of hemagglutinins from human-infecting H7N9 influenza viruses.;;;;;;;;;;;;;;;;
4LN4;H7N9;A/Shanghai/02/2013;Human;_;LSTb;X-RAY DIFFRACTION;3,1;Structural Analysis of the Hemagglutinin from the Recent 2013 H7N9 Influenza Virus.;;;;;;;;;;;;;;;;
6II8;H7N9;A/Anhui/1/2013;Human;_;L4B-18 neutralizing antibody;X-RAY DIFFRACTION;3,32;Structure-function analysis of neutralizing antibodies to H7N9 influenza from naturally infected humans.;;;;;;;;;;;;;;;;
6II9;H7N9;A/Anhui/1/2013;Human;_; L3A-44 neutralizing antibody;X-RAY DIFFRACTION;3,5;Structure-function analysis of neutralizing antibodies to H7N9 influenza from naturally infected humans.;;;;;;;;;;;;;;;;
6D8D;H7N9;A/Hong Kong/125/2017;Human;_;LSTb;X-RAY DIFFRACTION;3,55;Structural and Molecular Characterization of the Hemagglutinin from the Fifth-Epidemic-Wave A(H7N9) Influenza Viruses.;;;;;;;;;;;;;;;;
;;;;;;;;;;;;;;;;;;;;;;;;
;;;;;;;;;;;;;;;;;;;;;;;;
;H8N4;;;;;;;;;;;;;;;;;;;;;;;
6V46;H8N4;A/turkey/Ontario/6118/1968;Avian;_;_;X-RAY DIFFRACTION;2,3;Molecular characterization and three-dimensional structures of avian H8, H11, H14, H15 and swine H4 influenza virus hemagglutinins;;;;;;;;;;;;;;;;
;;;;;;;;;;;;;;;;;;;;;;;;
;;;;;;;;;;;;;;;;;;;;;;;;
;H10N2;;;;;;;;;;;;;;;;;;;;;;;
4CYV;H10N2;A/mallard/Sweden/51/2002 ;Avian;_;_;X-RAY DIFFRACTION;2,3;Receptor Binding by H10 Influenza Viruses.;;;;;;;;;;;;;;;;
4CYZ;H10N2;A/mallard/Sweden/51/2002 ;Avian;_;LSTa;X-RAY DIFFRACTION;2,4;Receptor Binding by H10 Influenza Viruses.;;;;;;;;;;;;;;;;
4CYW;H10N2;A/mallard/Sweden/51/2002 ;Avian;_;6SLN;X-RAY DIFFRACTION;2,6;Receptor Binding by H10 Influenza Viruses.;;;;;;;;;;;;;;;;
4CZ0;H10N2;A/mallard/Sweden/51/2002 ;Avian;_;Su-3SLN;X-RAY DIFFRACTION;3,2;Receptor Binding by H10 Influenza Viruses.;;;;;;;;;;;;;;;;
;;;;;;;;;;;;;;;;;;;;;;;;
;;;;;;;;;;;;;;;;;;;;;;;;
;H10N7;;;;;;;;;;;;;;;;;;;;;;;
6TVA;H10N7;A/harbour seal/Netherland/PV14-221_TS/2015;Seal;_;3SLN;X-RAY DIFFRACTION;1,65;Hemagglutinin Traits Determine Transmission of Avian A/H10N7 Influenza Virus between Mammals.;;;;;;;;;;;;;;;;
6TVB;H10N7;A/harbour seal/Netherland/PV14-221_TS/2015;Seal;_;6SLN;X-RAY DIFFRACTION;1,65;Hemagglutinin Traits Determine Transmission of Avian A/H10N7 Influenza Virus between Mammals.;;;;;;;;;;;;;;;;
6TVC;H10N7;A/harbour seal/Netherland/PV14-221_TS/2015;Seal;_;_;X-RAY DIFFRACTION;1,84;Hemagglutinin Traits Determine Transmission of Avian A/H10N7 Influenza Virus between Mammals.;;;;;;;;;;;;;;;;
6TVS;H10N7;A/harbor seal/S1047_14_L/Germany/2014;Seal;G226L (HA1);3SLN;X-RAY DIFFRACTION;1,9;Hemagglutinin Traits Determine Transmission of Avian A/H10N7 Influenza Virus between Mammals.;;;;;;;;;;;;;;;;
6TWS;H10N7;A/harbor seal/S1047_14_L/Germany/2014;Seal;G226L/G228S;_;X-RAY DIFFRACTION;2;Hemagglutinin Traits Determine Transmission of Avian A/H10N7 Influenza Virus between Mammals.;;;;;;;;;;;;;;;;
6TVT;H10N7;A/harbor seal/S1047_14_L/Germany/2014;Seal;G226L/Del228 (HA1);6SLN;X-RAY DIFFRACTION;2,2;Hemagglutinin Traits Determine Transmission of Avian A/H10N7 Influenza Virus between Mammals.;;;;;;;;;;;;;;;;
6TWI;H10N7;A/harbor seal/S1047_14_L/Germany/2014;Seal;G226L/G228S;3SLN;X-RAY DIFFRACTION;2,27;Hemagglutinin Traits Determine Transmission of Avian A/H10N7 Influenza Virus between Mammals.;;;;;;;;;;;;;;;;
6TJW;H10N7;A/harbor seal/S1047_14_L/Germany/2014;Seal;G226L/Del228 (HA1);_;X-RAY DIFFRACTION;2,31;Hemagglutinin Traits Determine Transmission of Avian A/H10N7 Influenza Virus between Mammals.;;;;;;;;;;;;;;;;
6TXO;H10N7;A/harbor seal/S1047_14_L/Germany/2014;Seal;G226L/Del228 (HA1);3SLN;X-RAY DIFFRACTION;2,4;Hemagglutinin Traits Determine Transmission of Avian A/H10N7 Influenza Virus between Mammals.;;;;;;;;;;;;;;;;
6TWV;H10N7;A/harbor seal/S1047_14_L/Germany/2014;Seal;G226L (HA1);6SLN;X-RAY DIFFRACTION;2,55;Hemagglutinin Traits Determine Transmission of Avian A/H10N7 Influenza Virus between Mammals.;;;;;;;;;;;;;;;;
6TVF;H10N7;A/harbor seal/S1047_14_L/Germany/2014;Seal;_;6SLN;X-RAY DIFFRACTION;2,6;Hemagglutinin Traits Determine Transmission of Avian A/H10N7 Influenza Virus between Mammals.;;;;;;;;;;;;;;;;
6TVR;H10N7;A/harbor seal/S1047_14_L/Germany/2014;Seal;G226L (HA1);_;X-RAY DIFFRACTION;2,63;Hemagglutinin Traits Determine Transmission of Avian A/H10N7 Influenza Virus between Mammals.;;;;;;;;;;;;;;;;
6TWH;H10N7;A/harbor seal/S1047_14_L/Germany/2014;Seal;G226L/G228S;_;X-RAY DIFFRACTION;2,68;Hemagglutinin Traits Determine Transmission of Avian A/H10N7 Influenza Virus between Mammals.;;;;;;;;;;;;;;;;
6TVD;H10N7;A/harbor seal/S1047_14_L/Germany/2014;Seal;_;3SLN;X-RAY DIFFRACTION;2,7;Hemagglutinin Traits Determine Transmission of Avian A/H10N7 Influenza Virus between Mammals.;;;;;;;;;;;;;;;;
6TJY;H10N7;A/harbor seal/S1047_14_L/Germany/2014;Seal;_;_;X-RAY DIFFRACTION;2,82;Hemagglutinin Traits Determine Transmission of Avian A/H10N7 Influenza Virus between Mammals.;;;;;;;;;;;;;;;;
6TY1;H10N7;A/harbor seal/S1047_14_L/Germany/2014;Seal;G226L/G228S;6SLN;X-RAY DIFFRACTION;3,2;Hemagglutinin Traits Determine Transmission of Avian A/H10N7 Influenza Virus between Mammals.;;;;;;;;;;;;;;;;
;;;;;;;;;;;;;;;;;;;;;;;;
4D00;H10N7;A/Chicken/Germany/n/1949;Avian;_;6SLN;X-RAY DIFFRACTION;2,5;Receptor Binding by H10 Influenza Viruses.;;;;;;;;;;;;;;;;
4WSW;H10N7;A/green-winged teal/Texas/Y171/2006;Avian;_;_;X-RAY DIFFRACTION;2,8;Structure and Receptor Binding Preferences of Recombinant Hemagglutinins from Avian and Human H6 and H10 Influenza A Virus Subtypes;;;;;;;;;;;;;;;;
;;;;;;;;;;;;;;;;;;;;;;;;
;H10N8;;;;;;;;;;;;;;;;;;;;;;;
5TH1;H10N8;A/Jiangxi-Donghu/346/2013;Human;K158aA/Q226L/G228S (HA1);6SLNLN;X-RAY DIFFRACTION;2,191;The 150-Loop Restricts the Host Specificity of Human H10N8 Influenza Virus.;;;;;;;;;;;;;;;;
5TH0;H10N8;A/Jiangxi-Donghu/346/2013;Human;K158aA/D193T/Q226L/G228S (HA1);3SLN;X-RAY DIFFRACTION;2,25;The 150-Loop Restricts the Host Specificity of Human H10N8 Influenza Virus.;;;;;;;;;;;;;;;;
5TGO;H10N8;A/Jiangxi-Donghu/346/2013;Human;K158aA/D193T/Q226L/G228S (HA1);_;X-RAY DIFFRACTION;2,35;The 150-Loop Restricts the Host Specificity of Human H10N8 Influenza Virus.;;;;;;;;;;;;;;;;
5TGU;H10N8;A/Jiangxi-Donghu/346/2013;Human;K158aA/D193T/Q226L/G228S (HA1);6SLNLN;X-RAY DIFFRACTION;2,35;The 150-Loop Restricts the Host Specificity of Human H10N8 Influenza Virus.;;;;;;;;;;;;;;;;
4QY2;H10N8;A/Jiangxi-Donghu/IPB13/2013;Human;_;LSTc;X-RAY DIFFRACTION;2,399;Structural basis for preferential avian receptor binding by the human-infecting H10N8 avian influenza virus;;;;;;;;;;;;;;;;
5THB;H10N8;A/Jiangxi-Donghu/346/2013;Human;D193T/Q226L/G228S (HA1);_;X-RAY DIFFRACTION;2,41;The 150-Loop Restricts the Host Specificity of Human H10N8 Influenza Virus.;;;;;;;;;;;;;;;;
4QY0;H10N8;A/Jiangxi-Donghu/IPB13/2013;Human;_;_;X-RAY DIFFRACTION;2,47;Structural basis for preferential avian receptor binding by the human-infecting H10N8 avian influenza virus;;;;;;;;;;;;;;;;
4XQ5;H10N8;A/Jiangxi-Donghu/IPB13/2013;Human;_;_;X-RAY DIFFRACTION;2,592;A Human-Infecting H10N8 Influenza Virus Retains a Strong Preference for Avian-type Receptors.;;;;;;;;;;;;;;;;
4QY1;H10N8;A/Jiangxi-Donghu/IPB13/2013;Human;_;3SLN;X-RAY DIFFRACTION;2,594;Structural basis for preferential avian receptor binding by the human-infecting H10N8 avian influenza virus;;;;;;;;;;;;;;;;
4WSX;H10N8;Jiangxi-Donghu/346/2013;Human;_;_;X-RAY DIFFRACTION;2,7;Structure and Receptor Binding Preferences of Recombinant Hemagglutinins from Avian and Human H6 and H10 Influenza A Virus Subtypes;;;;;;;;;;;;;;;;
5THC;H10N8;A/Jiangxi-Donghu/346/2013;Human;D193T/Q226L/G228S (HA1);6SLNLN;X-RAY DIFFRACTION;2,792;The 150-Loop Restricts the Host Specificity of Human H10N8 Influenza Virus.;;;;;;;;;;;;;;;;
4XQO;H10N8;A/Jiangxi-Donghu/346/2013;Human;_;6SLNLN;X-RAY DIFFRACTION;2,85;A Human-Infecting H10N8 Influenza Virus Retains a Strong Preference for Avian-type Receptors.;;;;;;;;;;;;;;;;
5TGV;H10N8;A/Jiangxi-Donghu/346/2013;Human;K158aA/D193T/Q226L/G228S (HA1);3SLN;X-RAY DIFFRACTION;2,974;The 150-Loop Restricts the Host Specificity of Human H10N8 Influenza Virus.;;;;;;;;;;;;;;;;
4XQU;H10N8;A/Jiangxi-Donghu/IPB13/2013;Human;_;3SLN;X-RAY DIFFRACTION;3,25;A Human-Infecting H10N8 Influenza Virus Retains a Strong Preference for Avian-type Receptors.;;;;;;;;;;;;;;;;
;;;;;;;;;;;;;;;;;;;;;;;;
;;;;;;;;;;;;;;;;;;;;;;;;
;H11N9;;;;;;;;;;;;;;;;;;;;;;;
6V47;H11N9;A/duck/Memphis/546/1974;Avian;_;_;X-RAY DIFFRACTION;2,8;Molecular characterization and three-dimensional structures of avian H8, H11, H14, H15 and swine H4 influenza virus hemagglutinins;;;;;;;;;;;;;;;;
;;;;;;;;;;;;;;;;;;;;;;;;
;;;;;;;;;;;;;;;;;;;;;;;;
;H13N6;;;;;;;;;;;;;;;;;;;;;;;
4KPQ;H13N6;A/Gull/Maryland/704/1977 ;Avian;_;_;X-RAY DIFFRACTION;2,502;Structure and Receptor Binding Specificity of Hemagglutinin H13 from Avian Influenza A Virus H13N6;;;;;;;;;;;;;;;;
4KPS;H13N6;A/Gull/Maryland/704/1977 ;Avian;_;_;X-RAY DIFFRACTION;2,587;Structure and Receptor Binding Specificity of Hemagglutinin H13 from Avian Influenza A Virus H13N6;;;;;;;;;;;;;;;;
;;;;;;;;;;;;;;;;;;;;;;;;
;;;;;;;;;;;;;;;;;;;;;;;;
;H14N5;;;;;;;;;;;;;;;;;;;;;;;
6V48;H14N5;A/mallard/Gurjev/263/1982;Avian;_;_;X-RAY DIFFRACTION;3;Molecular characterization and three-dimensional structures of avian H8, H11, H14, H15 and swine H4 influenza virus hemagglutinins;;;;;;;;;;;;;;;;
;;;;;;;;;;;;;;;;;;;;;;;;
;;;;;;;;;;;;;;;;;;;;;;;;
;H15N9;;;;;;;;;;;;;;;;;;;;;;;
6V49;H15N9;A/wedge-tailed shearwater/Western Australia/2576/1979;Avian;_;_;X-RAY DIFFRACTION;2,5;Molecular characterization and three-dimensional structures of avian H8, H11, H14, H15 and swine H4 influenza virus hemagglutinins;;;;;;;;;;;;;;;;
;;;;;;;;;;;;;;;;;;;;;;;;
;;;;;;;;;;;;;;;;;;;;;;;;
;H16N3;;;;;;;;;;;;;;;;;;;;;;;
4F23;H16N3;A/black-headed gull/Sweden/2/99;Avian;_;_;X-RAY DIFFRACTION;1,7;Insights into Avian Influenza Virus Pathogenicity: the Hemagglutinin Precursor HA0 of Subtype H16 Has an Alpha-Helix Structure in Its Cleavage Site with Inefficient HA1/HA2 Cleavage.;;;;;;;;;;;;;;;;
4FIU;H16N3;A/black-headed gull/Sweden/2/99;Avian;V327G (HA1);_;X-RAY DIFFRACTION;1,999;Insights into Avian Influenza Virus Pathogenicity: the Hemagglutinin Precursor HA0 of Subtype H16 Has an Alpha-Helix Structure in Its Cleavage Site with Inefficient HA1/HA2 Cleavage.;;;;;;;;;;;;;;;;
;;;;;;;;;;;;;;;;;;;;;;;;
;;;;;;;;;;;;;;;;;;;;;;;;
;H17N10;;;;;;;;;;;;;;;;;;;;;;;
4H32;H17N10;A/little yellow-shouldered bat/Guatemala/060/2010;Bat;_;_;X-RAY DIFFRACTION;2,7;Bat-derived influenza hemagglutinin H17 does not bind canonical avian or human receptors and most likely uses a unique entry mechanism.;;;;;;;;;;;;;;;;
;;;;;;;;;;;;;;;;;;;;;;;;
;;;;;;;;;;;;;;;;;;;;;;;;
;H18N11;;;;;;;;;;;;;;;;;;;;;;;
4K3X;H18N11;A/flat-faced bat/Peru/033/2010;Bat;_;_;X-RAY DIFFRACTION;2,149;New world bats harbor diverse influenza a viruses.;;;;;;;;;;;;;;;;
4MC5;H18N11;A/flat-faced bat/Peru/033/2010;Bat;_;_;X-RAY DIFFRACTION;2,238;New world bats harbor diverse influenza a viruses.;;;;;;;;;;;;;;;;
;;;;;;;;;;;;;;;;;;;;;;;;
;;;;;;;;;;;;;;;;;;;;;;;;
;Intermediary and Post-Fusion;;;;;;;;;;;;;;;;;;;;;;;
7K39;H3N2;A/Hong Kong/1/1968 (pH 5.2 - A);Human;_;Antibody;ELECTRON MICROSCOPY;3;Structural intermediates in the low pH-induced transition of influenza hemagglutinin.;;;;;;;;;;;;;;;;
7K37;H3N2;A/Hong Kong/1/1968 (pH 7.8);Human;_;Antibody;ELECTRON MICROSCOPY;2,8;Structural intermediates in the low pH-induced transition of influenza hemagglutinin.;;;;;;;;;;;;;;;;
7K3A;H3N2;A/Hong Kong/1/1968 (pH 5.2 - B);Human;_;Antibody;ELECTRON MICROSCOPY;4,2;Structural intermediates in the low pH-induced transition of influenza hemagglutinin.;;;;;;;;;;;;;;;;
7K3B;H3N2;A/Hong Kong/1/1968 (pH 5.2 - C);Human;_;Antibody;ELECTRON MICROSCOPY;3,4;Structural intermediates in the low pH-induced transition of influenza hemagglutinin.;;;;;;;;;;;;;;;;
;;;;;;;;;;;;;;;;;;;;;;;;
6Y5G;H3N2;A/Aichi/2-1/1968 (pH 8);Human;_;_;ELECTRON MICROSCOPY;3;Structural transitions in influenza haemagglutinin at membrane fusion pH.;;;;;;;;;;;;;;;;
6Y5H;H3N2;A/Aichi/2-1/1968 (pH 5 - State I);Human;_;_;ELECTRON MICROSCOPY;3;Structural transitions in influenza haemagglutinin at membrane fusion pH.;;;;;;;;;;;;;;;;
6Y5I;H3N2;A/Aichi/2-1/1968 (pH 5 - State II);Human;_;_;ELECTRON MICROSCOPY;5,5;Structural transitions in influenza haemagglutinin at membrane fusion pH.;;;;;;;;;;;;;;;;
6Y5J;H3N2;A/Aichi/2-1/1968 (pH 5 - State III);Human;_;_;ELECTRON MICROSCOPY;5,6;Structural transitions in influenza haemagglutinin at membrane fusion pH.;;;;;;;;;;;;;;;;
6Y5K;H3N2;A/Aichi/2-1/1968 (pH 5 - State IV);Human;_;_;ELECTRON MICROSCOPY;4,2;Structural transitions in influenza haemagglutinin at membrane fusion pH.;;;;;;;;;;;;;;;;
6Y5L;H3N2;A/Aichi/2-1/1968 (pH 5 - State IV);Human;_;_;ELECTRON MICROSCOPY;3,6;Structural transitions in influenza haemagglutinin at membrane fusion pH.;;;;;;;;;;;;;;;;
;;;;;;;;;;;;;;;;;;;;;;;;
1QU1;H3N2;A/Aichi/2/1968 (Post fusion);Human;_;_;X-RAY DIFFRACTION;1,9;N- and C-terminal residues combine in the fusion-pH influenza hemagglutinin HA(2) subunit to form an N cap that terminates the triple-stranded coiled coil.;;;;;;;;;;;;;;;;
1HTM;H3N2;A/Aichi/2/1968 (Post fusion);Human;_;_;X-RAY DIFFRACTION;2,5;Structure of influenza haemagglutinin at the pH of membrane fusion.;;;;;;;;;;;;;;;;
;;;;;;;;;;;;;;;;;;;;;;;;
;;;;;;;;;;;;;;;;;;;;;;;;
;;;;;;;;;;;;;;;;;;;;;;;;
;;;;;;;;;;;;;;;;;;;;;;;;
;;;;;;;;;;;;;;;;;;;;;;;;
;;;;;;;;;;;;;;;;;;;;;;;;
;;;;;;;;;;;;;;;;;;;;;;;;
;;;;;;;;;;;;;;;;;;;;;;;;
;;;;;;;;;;;;;;;;;;;;;;;;
;;;;;;;;;;;;;;;;;;;;;;;;
;;;;;;;;;;;;;;;;;;;;;;;;
;;;;;;;;;;;;;;;;;;;;;;;;
;;;;;;;;;;;;;;;;;;;;;;;;
;Flu B;;;;;;;;;;;;;;;;;;;;;;;
4NRJ;B_Ancestral;B/Lee/1940;Human;F95Y (HA1);_;X-RAY DIFFRACTION;2,53;The roles of hemagglutinin Phe-95 in receptor binding and pathogenicity of influenza B virus;;;;;;;;;;;;;;;;
4NRK;B_Ancestral;B/Lee/1940;Human;F95Y (HA1);LSTc;X-RAY DIFFRACTION;2,53;The roles of hemagglutinin Phe-95 in receptor binding and pathogenicity of influenza B virus;;;;;;;;;;;;;;;;
4NRL;B_Ancestral;B/Lee/1940;Human;F95Y (HA1);_;X-RAY DIFFRACTION;2,53;The roles of hemagglutinin Phe-95 in receptor binding and pathogenicity of influenza B virus;;;;;;;;;;;;;;;;
4FQM;B_Victoria;B/Brisbane/60/2008;Human;_;_;X-RAY DIFFRACTION;3,45;Highly conserved protective epitopes on influenza B viruses.;;;;;;;;;;;;;;;;
4M40;B_Yamagata;B/Yamanashi/166/1998;Human;_;_;X-RAY DIFFRACTION;3,54;Structural basis for the divergent evolution of influenza B virus hemagglutinin;;;;;;;;;;;;;;;;
4M44;B_Yamagata;B/Yamanashi/166/1998;Human;_;LSTa;X-RAY DIFFRACTION;2,5;Structural basis for the divergent evolution of influenza B virus hemagglutinin;;;;;;;;;;;;;;;;
;;;;;;;;;;;;;;;;;;;;;;;;
;;;;;;;;;;;;;;;;;;;;;;;;
;;;;;;;;;;;;;;;;;;;;;;;;
;;;;;;;;;;;;;;;;;;;;;;;;
;;;;;;;;;;;;;;;;;;;;;;;;
;;;;;;;;;;;;;;;;;;;;;;;;
;;;;;;;;;;;;;;;;;;;;;;;;
;;;;;;;;;;;;;;;;;;;;;;;;
;;;;;;;;;;;;;;;;;;;;;;;;
;;;;;;;;;;;;;;;;;;;;;;;;
;;;;;;;;;;;;;;;;;;;;;;;;
;;;;;;;;;;;;;;;;;;;;;;;;
;;;;;;;;;;;;;;;;;;;;;;;;
;;;;;;;;;;;;;;;;;;;;;;;;
;;;;;;;;;;;;;;;;;;;;;;;;
;;;;;;;;;;;;;;;;;;;;;;;;
;;;;;;;;;;;;;;;;;;;;;;;;
;;;;;;;;;;;;;;;;;;;;;;;;
;;;;;;;;;;;;;;;;;;;;;;;;
;;;;;;;;;;;;;;;;;;;;;;;;
;;;;;;;;;;;;;;;;;;;;;;;;
;;;;;;;;;;;;;;;;;;;;;;;;
;;;;;;;;;;;;;;;;;;;;;;;;
;;;;;;;;;;;;;;;;;;;;;;;;
;;;;;;;;;;;;;;;;;;;;;;;;
;;;;;;;;;;;;;;;;;;;;;;;;
;;;;;;;;;;;;;;;;;;;;;;;;
;;;;;;;;;;;;;;;;;;;;;;;;
;;;;;;;;;;;;;;;;;;;;;;;;
;;;;;;;;;;;;;;;;;;;;;;;;
;;;;;;;;;;;;;;;;;;;;;;;;
;;;;;;;;;;;;;;;;;;;;;;;;
;;;;;;;;;;;;;;;;;;;;;;;;
;;;;;;;;;;;;;;;;;;;;;;;;
;;;;;;;;;;;;;;;;;;;;;;;;
;;;;;;;;;;;;;;;;;;;;;;;;
;;;;;;;;;;;;;;;;;;;;;;;;
;;;;;;;;;;;;;;;;;;;;;;;;
;;;;;;;;;;;;;;;;;;;;;;;;
;;;;;;;;;;;;;;;;;;;;;;;;
;;;;;;;;;;;;;;;;;;;;;;;;
;;;;;;;;;;;;;;;;;;;;;;;;
;;;;;;;;;;;;;;;;;;;;;;;;
;;;;;;;;;;;;;;;;;;;;;;;;
;;;;;;;;;;;;;;;;;;;;;;;;
;;;;;;;;;;;;;;;;;;;;;;;;
;;;;;;;;;;;;;;;;;;;;;;;;
;;;;;;;;;;;;;;;;;;;;;;;;
;;;;;;;;;;;;;;;;;;;;;;;;
;;;;;;;;;;;;;;;;;;;;;;;;
;;;;;;;;;;;;;;;;;;;;;;;;
;;;;;;;;;;;;;;;;;;;;;;;;
;;;;;;;;;;;;;;;;;;;;;;;;
;;;;;;;;;;;;;;;;;;;;;;;;
;;;;;;;;;;;;;;;;;;;;;;;;
;;;;;;;;;;;;;;;;;;;;;;;;
;;;;;;;;;;;;;;;;;;;;;;;;
;;;;;;;;;;;;;;;;;;;;;;;;
;;;;;;;;;;;;;;;;;;;;;;;;
;;;;;;;;;;;;;;;;;;;;;;;;
;;;;;;;;;;;;;;;;;;;;;;;;
;;;;;;;;;;;;;;;;;;;;;;;;
;;;;;;;;;;;;;;;;;;;;;;;;
;;;;;;;;;;;;;;;;;;;;;;;;
;;;;;;;;;;;;;;;;;;;;;;;;
;;;;;;;;;;;;;;;;;;;;;;;;
;;;;;;;;;;;;;;;;;;;;;;;;
;;;;;;;;;;;;;;;;;;;;;;;;
;;;;;;;;;;;;;;;;;;;;;;;;
;;;;;;;;;;;;;;;;;;;;;;;;
;;;;;;;;;;;;;;;;;;;;;;;;
;;;;;;;;;;;;;;;;;;;;;;;;
;;;;;;;;;;;;;;;;;;;;;;;;
;;;;;;;;;;;;;;;;;;;;;;;;
;;;;;;;;;;;;;;;;;;;;;;;;
;;;;;;;;;;;;;;;;;;;;;;;;
;;;;;;;;;;;;;;;;;;;;;;;;
;;;;;;;;;;;;;;;;;;;;;;;;
;;;;;;;;;;;;;;;;;;;;;;;;
;;;;;;;;;;;;;;;;;;;;;;;;
;;;;;;;;;;;;;;;;;;;;;;;;
;;;;;;;;;;;;;;;;;;;;;;;;
;;;;;;;;;;;;;;;;;;;;;;;;
;;;;;;;;;;;;;;;;;;;;;;;;
;;;;;;;;;;;;;;;;;;;;;;;;
;;;;;;;;;;;;;;;;;;;;;;;;
;;;;;;;;;;;;;;;;;;;;;;;;
;;;;;;;;;;;;;;;;;;;;;;;;
;;;;;;;;;;;;;;;;;;;;;;;;
;;;;;;;;;;;;;;;;;;;;;;;;
;;;;;;;;;;;;;;;;;;;;;;;;
;;;;;;;;;;;;;;;;;;;;;;;;
;;;;;;;;;;;;;;;;;;;;;;;;
;;;;;;;;;;;;;;;;;;;;;;;;
;;;;;;;;;;;;;;;;;;;;;;;;
;;;;;;;;;;;;;;;;;;;;;;;;
;;;;;;;;;;;;;;;;;;;;;;;;
;;;;;;;;;;;;;;;;;;;;;;;;
;;;;;;;;;;;;;;;;;;;;;;;;
;;;;;;;;;;;;;;;;;;;;;;;;
;;;;;;;;;;;;;;;;;;;;;;;;
;;;;;;;;;;;;;;;;;;;;;;;;